circleId:ID(Circle)	egoUserId	circleName
0_circle_0	0	circle0
0_circle_1	0	circle1
0_circle_2	0	circle2
0_circle_3	0	circle3
0_circle_4	0	circle4
0_circle_5	0	circle5
0_circle_6	0	circle6
0_circle_7	0	circle7
0_circle_8	0	circle8
0_circle_9	0	circle9
0_circle_10	0	circle10
0_circle_11	0	circle11
0_circle_12	0	circle12
0_circle_13	0	circle13
0_circle_14	0	circle14
0_circle_15	0	circle15
0_circle_16	0	circle16
0_circle_17	0	circle17
0_circle_18	0	circle18
0_circle_19	0	circle19
0_circle_20	0	circle20
0_circle_21	0	circle21
0_circle_22	0	circle22
0_circle_23	0	circle23
107_circle_0	107	circle0
107_circle_1	107	circle1
107_circle_2	107	circle2
107_circle_3	107	circle3
107_circle_4	107	circle4
107_circle_5	107	circle5
107_circle_6	107	circle6
107_circle_7	107	circle7
107_circle_8	107	circle8
1684_circle_0	1684	circle0
1684_circle_1	1684	circle1
1684_circle_2	1684	circle2
1684_circle_3	1684	circle3
1684_circle_4	1684	circle4
1684_circle_5	1684	circle5
1684_circle_6	1684	circle6
1684_circle_7	1684	circle7
1684_circle_8	1684	circle8
1684_circle_9	1684	circle9
1684_circle_10	1684	circle10
1684_circle_11	1684	circle11
1684_circle_12	1684	circle12
1684_circle_13	1684	circle13
1684_circle_14	1684	circle14
1684_circle_15	1684	circle15
1684_circle_16	1684	circle16
1912_circle_0	1912	circle0
1912_circle_1	1912	circle1
1912_circle_2	1912	circle2
1912_circle_3	1912	circle3
1912_circle_4	1912	circle4
1912_circle_5	1912	circle5
1912_circle_6	1912	circle6
1912_circle_7	1912	circle7
1912_circle_8	1912	circle8
1912_circle_9	1912	circle9
1912_circle_10	1912	circle10
1912_circle_11	1912	circle11
1912_circle_12	1912	circle12
1912_circle_13	1912	circle13
1912_circle_14	1912	circle14
1912_circle_15	1912	circle15
1912_circle_16	1912	circle16
1912_circle_17	1912	circle17
1912_circle_18	1912	circle18
1912_circle_19	1912	circle19
1912_circle_20	1912	circle20
1912_circle_21	1912	circle21
1912_circle_22	1912	circle22
1912_circle_23	1912	circle23
1912_circle_24	1912	circle24
1912_circle_25	1912	circle25
1912_circle_26	1912	circle26
1912_circle_27	1912	circle27
1912_circle_28	1912	circle28
1912_circle_29	1912	circle29
1912_circle_30	1912	circle30
1912_circle_31	1912	circle31
1912_circle_32	1912	circle32
1912_circle_33	1912	circle33
1912_circle_34	1912	circle34
1912_circle_35	1912	circle35
1912_circle_36	1912	circle36
1912_circle_37	1912	circle37
1912_circle_38	1912	circle38
1912_circle_39	1912	circle39
1912_circle_40	1912	circle40
1912_circle_41	1912	circle41
1912_circle_42	1912	circle42
1912_circle_43	1912	circle43
1912_circle_44	1912	circle44
1912_circle_45	1912	circle45
3437_circle_0	3437	circle0
3437_circle_1	3437	circle1
3437_circle_2	3437	circle2
3437_circle_3	3437	circle3
3437_circle_4	3437	circle4
3437_circle_5	3437	circle5
3437_circle_6	3437	circle6
3437_circle_7	3437	circle7
3437_circle_8	3437	circle8
3437_circle_9	3437	circle9
3437_circle_10	3437	circle10
3437_circle_11	3437	circle11
3437_circle_12	3437	circle12
3437_circle_13	3437	circle13
3437_circle_14	3437	circle14
3437_circle_15	3437	circle15
3437_circle_16	3437	circle16
3437_circle_17	3437	circle17
3437_circle_18	3437	circle18
3437_circle_19	3437	circle19
3437_circle_20	3437	circle20
3437_circle_21	3437	circle21
3437_circle_22	3437	circle22
3437_circle_23	3437	circle23
3437_circle_24	3437	circle24
3437_circle_25	3437	circle25
3437_circle_26	3437	circle26
3437_circle_27	3437	circle27
3437_circle_28	3437	circle28
3437_circle_29	3437	circle29
3437_circle_30	3437	circle30
3437_circle_31	3437	circle31
348_circle_0	348	circle0
348_circle_1	348	circle1
348_circle_2	348	circle2
348_circle_3	348	circle3
348_circle_4	348	circle4
348_circle_5	348	circle5
348_circle_6	348	circle6
348_circle_7	348	circle7
348_circle_8	348	circle8
348_circle_9	348	circle9
348_circle_10	348	circle10
348_circle_11	348	circle11
348_circle_12	348	circle12
348_circle_13	348	circle13
3980_circle_0	3980	circle0
3980_circle_1	3980	circle1
3980_circle_2	3980	circle2
3980_circle_3	3980	circle3
3980_circle_4	3980	circle4
3980_circle_5	3980	circle5
3980_circle_6	3980	circle6
3980_circle_7	3980	circle7
3980_circle_8	3980	circle8
3980_circle_9	3980	circle9
3980_circle_10	3980	circle10
3980_circle_11	3980	circle11
3980_circle_12	3980	circle12
3980_circle_13	3980	circle13
3980_circle_14	3980	circle14
3980_circle_15	3980	circle15
3980_circle_16	3980	circle16
414_circle_0	414	circle0
414_circle_1	414	circle1
414_circle_2	414	circle2
414_circle_3	414	circle3
414_circle_4	414	circle4
414_circle_5	414	circle5
414_circle_6	414	circle6
686_circle_0	686	circle0
686_circle_1	686	circle1
686_circle_2	686	circle2
686_circle_3	686	circle3
686_circle_4	686	circle4
686_circle_5	686	circle5
686_circle_6	686	circle6
686_circle_7	686	circle7
686_circle_8	686	circle8
686_circle_9	686	circle9
686_circle_10	686	circle10
686_circle_11	686	circle11
686_circle_12	686	circle12
686_circle_13	686	circle13
698_circle_0	698	circle0
698_circle_1	698	circle1
698_circle_2	698	circle2
698_circle_3	698	circle3
698_circle_4	698	circle4
698_circle_5	698	circle5
698_circle_6	698	circle6
698_circle_7	698	circle7
698_circle_8	698	circle8
698_circle_9	698	circle9
698_circle_10	698	circle10
698_circle_11	698	circle11
698_circle_12	698	circle12
